number,user_id,type,balance,status,created_at,interest_rate
100001,1,savings,33444.89,True,2025-02-10 19:46:53,2.34
100002,2,checking,69800.17,True,2025-02-10 19:46:53,0
100003,3,checking,75271.37,True,2025-02-10 19:46:53,0
100004,4,checking,48716.83,True,2025-02-10 19:46:53,0
100005,5,savings,58616.57,True,2025-02-10 19:46:53,1.6
100006,6,checking,36570.38,True,2025-02-10 19:46:53,0
100007,7,checking,30741.13,True,2025-02-10 19:46:53,0
100008,8,savings,81571.85,True,2025-02-10 19:46:53,3.04
100009,9,savings,88536.41,True,2025-02-10 19:46:53,1.63
100010,10,savings,61007.37,True,2025-02-10 19:46:53,2.2
100011,11,checking,861172.15,True,2025-02-10 19:46:53,0
100012,12,checking,74249.96,True,2025-02-10 19:46:53,0
100013,13,savings,21622.61,True,2025-02-10 19:46:53,1.12
100014,14,checking,21387.21,True,2025-02-10 19:46:53,0
100015,15,savings,13791.65,True,2025-02-10 19:46:53,0.97
100016,16,checking,79476.02,True,2025-02-10 19:46:53,0
100017,17,checking,697612.09,True,2025-02-10 19:46:53,0
100018,18,checking,37483.07,True,2025-02-10 19:46:53,0
100019,19,checking,23435.11,True,2025-02-10 19:46:53,0
100020,20,savings,23215.61,True,2025-02-10 19:46:53,0.64
100021,21,savings,47259.91,True,2025-02-10 19:46:53,3.36
100022,22,savings,21544.73,True,2025-02-10 19:46:53,2.28
100023,23,savings,62414.04,True,2025-02-10 19:46:53,2.37
100024,24,savings,87449.73,True,2025-02-10 19:46:53,1.5
100025,25,savings,106996.27,True,2025-02-10 19:46:53,1.17
100026,26,checking,8441.78,True,2025-02-10 19:46:53,0
100027,27,savings,67647.36,True,2025-02-10 19:46:53,2.62
100028,28,checking,40990.82,True,2025-02-10 19:46:53,0
100029,29,checking,67069.07,True,2025-02-10 19:46:53,0
100030,30,checking,66336.03,True,2025-02-10 19:46:53,0
100031,31,savings,79422.78,True,2025-02-10 19:46:53,1.75
100032,32,checking,81792.41,True,2025-02-10 19:46:53,0
100033,33,savings,59820.34,True,2025-02-10 19:46:53,1.26
100034,34,checking,922883.0,True,2025-02-10 19:46:53,0
100035,35,checking,53413.46,True,2025-02-10 19:46:53,0
100036,36,checking,14177.1,True,2025-02-10 19:46:53,0
100037,37,checking,767.53,True,2025-02-10 19:46:53,0
100038,38,savings,73076.32,True,2025-02-10 19:46:53,1.22
100039,39,checking,20277.34,True,2025-02-10 19:46:53,0
100040,40,checking,26067.71,True,2025-02-10 19:46:53,0
100041,41,checking,55079.21,True,2025-02-10 19:46:53,0
100042,42,savings,19970.35,True,2025-02-10 19:46:53,2.23
100043,43,savings,19423.28,True,2025-02-10 19:46:53,0.81
100044,44,savings,370.31,True,2025-02-10 19:46:53,1.77
100045,45,savings,97482.72,True,2025-02-10 19:46:53,1.93
100046,46,checking,75156.65,True,2025-02-10 19:46:53,0
100047,47,checking,64681.65,True,2025-02-10 19:46:53,0
100048,48,checking,30874.31,True,2025-02-10 19:46:53,0
100049,49,savings,70907.02,True,2025-02-10 19:46:53,2.87
100050,50,checking,24886.22,True,2025-02-10 19:46:53,0
100051,51,checking,5494.17,True,2025-02-10 19:46:53,0
100052,52,savings,99326.09,True,2025-02-10 19:46:53,0.74
100053,53,savings,75745.43,True,2025-02-10 19:46:53,2.09
100054,54,checking,56211.4,True,2025-02-10 19:46:53,0
100055,55,checking,7820.9,True,2025-02-10 19:46:53,0
100056,56,savings,31936.11,True,2025-02-10 19:46:53,1.53
100057,57,savings,20839.75,True,2025-02-10 19:46:53,3.11
100058,58,savings,47674.88,True,2025-02-10 19:46:53,2.93
100059,59,checking,52730.15,True,2025-02-10 19:46:53,0
100060,60,savings,62764.39,True,2025-02-10 19:46:53,0.88
100061,61,checking,37873.97,True,2025-02-10 19:46:53,0
100062,62,checking,18917.79,True,2025-02-10 19:46:53,0
100063,63,checking,85712.32,True,2025-02-10 19:46:53,0
100064,64,savings,44048.9,True,2025-02-10 19:46:53,0.53
100065,65,checking,95005.39,True,2025-02-10 19:46:53,0
100066,66,checking,39041.8,True,2025-02-10 19:46:53,0
100067,67,checking,20096.75,True,2025-02-10 19:46:53,0
100068,68,savings,37461.02,True,2025-02-10 19:46:53,1.42
100069,69,savings,359.78,True,2025-02-10 19:46:53,1.28
100070,70,savings,288.82,True,2025-02-10 19:46:53,1.4
100071,71,checking,57892.57,True,2025-02-10 19:46:53,0
100072,72,savings,84932.82,True,2025-02-10 19:46:53,1.84
100073,73,savings,65481.66,True,2025-02-10 19:46:53,1.4
100074,74,savings,87885.73,True,2025-02-10 19:46:53,1.41
100075,75,checking,62177.54,True,2025-02-10 19:46:53,0
100076,76,savings,21363.39,True,2025-02-10 19:46:53,3.15
100077,77,checking,53306.78,True,2025-02-10 19:46:53,0
100078,78,checking,104878.69,True,2025-02-10 19:46:53,0
100079,79,savings,94770.23,True,2025-02-10 19:46:53,2.62
100080,80,checking,14831.8,True,2025-02-10 19:46:53,0
100081,81,savings,7626.22,True,2025-02-10 19:46:53,1.32
100082,82,savings,22246.24,True,2025-02-10 19:46:53,0.68
100083,83,checking,99780.2,True,2025-02-10 19:46:53,0
100084,84,checking,93966.86,True,2025-02-10 19:46:53,0
100085,85,savings,91068.21,True,2025-02-10 19:46:53,2.85
100086,86,checking,6650.15,True,2025-02-10 19:46:53,0
100087,87,checking,91066.89,True,2025-02-10 19:46:53,0
100088,88,savings,3573.7,True,2025-02-10 19:46:53,1.97
100089,89,savings,62268.76,True,2025-02-10 19:46:53,1.71
100090,90,checking,23113.67,True,2025-02-10 19:46:53,0
100091,91,savings,59333.03,True,2025-02-10 19:46:53,1.08
100092,92,checking,62894.52,True,2025-02-10 19:46:53,0
100093,93,checking,86929.3,True,2025-02-10 19:46:53,0
100094,94,savings,49740.54,True,2025-02-10 19:46:53,0.85
100095,95,savings,74882.26,True,2025-02-10 19:46:53,1.45
100096,96,checking,24518.32,True,2025-02-10 19:46:53,0
100097,97,savings,43082.87,True,2025-02-10 19:46:53,3.08
100098,98,savings,66772.39,True,2025-02-10 19:46:53,3.24
100099,99,checking,14000.86,True,2025-02-10 19:46:53,0
100100,100,checking,45747.25,True,2025-02-10 19:46:53,0
100101,101,checking,19005.24,True,2025-02-10 19:46:53,0
100102,102,savings,47656.43,True,2025-02-10 19:46:53,3.35
100103,103,savings,53860.39,True,2025-02-10 19:46:53,3.34
100104,104,savings,59562.27,True,2025-02-10 19:46:53,2.72
100105,105,savings,34996.92,True,2025-02-10 19:46:53,1.52
100106,106,checking,98533.58,True,2025-02-10 19:46:53,0
100107,107,checking,29451.54,True,2025-02-10 19:46:53,0
100108,108,savings,58732.78,True,2025-02-10 19:46:53,2.32
100109,109,savings,44399.24,True,2025-02-10 19:46:53,2.66
100110,110,savings,80159.67,True,2025-02-10 19:46:53,2.73
100111,111,checking,60728.27,True,2025-02-10 19:46:53,0
100112,112,checking,38597.29,True,2025-02-10 19:46:53,0
100113,113,checking,89558.78,True,2025-02-10 19:46:53,0
100114,114,checking,58604.9,True,2025-02-10 19:46:53,0
100115,115,checking,79967.19,True,2025-02-10 19:46:53,0
100116,116,checking,2885.62,True,2025-02-10 19:46:53,0
100117,117,checking,72979.93,True,2025-02-10 19:46:53,0
100118,118,checking,27458.08,True,2025-02-10 19:46:53,0
100119,119,checking,98467.16,True,2025-02-10 19:46:53,0
100120,120,savings,21048.87,True,2025-02-10 19:46:53,1.97
100121,121,checking,871.85,True,2025-02-10 19:46:53,0
100122,122,savings,36862.12,True,2025-02-10 19:46:53,3.05
100123,123,checking,30510.76,True,2025-02-10 19:46:53,0
100124,124,savings,26033.82,True,2025-02-10 19:46:53,1.24
100125,125,savings,49758.38,True,2025-02-10 19:46:53,1.07
100126,126,checking,82207.08,True,2025-02-10 19:46:53,0
100127,127,savings,13349.32,True,2025-02-10 19:46:53,0.63
100128,128,savings,76352.77,True,2025-02-10 19:46:53,0.99
100129,129,savings,4079.13,True,2025-02-10 19:46:53,2.28
100130,130,checking,44398.38,True,2025-02-10 19:46:53,0
100131,131,checking,7398.97,True,2025-02-10 19:46:53,0
100132,132,savings,49626.79,True,2025-02-10 19:46:53,2.12
100133,133,checking,19219.79,True,2025-02-10 19:46:53,0
100134,134,checking,12573.1,True,2025-02-10 19:46:53,0
100135,135,savings,71245.11,True,2025-02-10 19:46:53,1.34
100136,136,checking,93492.59,True,2025-02-10 19:46:53,0
100137,137,savings,73896.52,True,2025-02-10 19:46:53,0.58
100138,138,checking,150166.02,True,2025-02-10 19:46:53,0
100139,139,checking,417410.08,True,2025-02-10 19:46:53,0
100140,140,checking,10398.59,True,2025-02-10 19:46:53,0
100141,141,savings,7335.44,True,2025-02-10 19:46:53,1.27
100142,142,savings,38391.66,True,2025-02-10 19:46:53,1.87
100143,143,savings,97054.75,True,2025-02-10 19:46:53,1.29
100144,144,savings,51238.93,True,2025-02-10 19:46:53,3.38
100145,145,savings,56508.54,True,2025-02-10 19:46:53,2.75
100146,146,checking,46508.28,True,2025-02-10 19:46:53,0
100147,147,savings,48793.34,True,2025-02-10 19:46:53,3.39
100148,148,savings,22925.3,True,2025-02-10 19:46:53,3.3
100149,149,checking,12269.23,True,2025-02-10 19:46:53,0
100150,150,savings,36148.75,True,2025-02-10 19:46:53,2.72
100151,151,checking,6465.16,True,2025-02-10 19:46:53,0
100152,152,savings,57922.63,True,2025-02-10 19:46:53,2.79
100153,153,checking,80725.08,True,2025-02-10 19:46:53,0
100154,154,checking,39244.46,True,2025-02-10 19:46:53,0
100155,155,checking,67056.35,True,2025-02-10 19:46:53,0
100156,156,checking,80282.21,True,2025-02-10 19:46:53,0
100157,157,checking,88422.03,True,2025-02-10 19:46:53,0
100158,158,checking,29043.3,True,2025-02-10 19:46:53,0
100159,159,savings,88303.85,True,2025-02-10 19:46:53,2.65
100160,160,savings,68805.74,True,2025-02-10 19:46:53,2.64
100161,161,checking,9701.64,True,2025-02-10 19:46:53,0
100162,162,checking,28187.47,True,2025-02-10 19:46:53,0
100163,163,checking,159221.59,True,2025-02-10 19:46:53,0
100164,164,savings,21460.14,True,2025-02-10 19:46:53,2.58
100165,165,savings,234055.36,True,2025-02-10 19:46:53,2.68
100166,166,savings,18124.6,True,2025-02-10 19:46:53,3.27
100167,167,savings,52059.77,True,2025-02-10 19:46:53,1.41
100168,168,checking,93109.9,True,2025-02-10 19:46:53,0
100169,169,checking,17032.93,True,2025-02-10 19:46:53,0
100170,170,checking,20855.32,True,2025-02-10 19:46:53,0
100171,171,savings,91416.29,True,2025-02-10 19:46:53,2.39
100172,172,savings,93898.0,True,2025-02-10 19:46:53,2.3
100173,173,savings,50577.42,True,2025-02-10 19:46:53,1.13
100174,174,savings,3792.19,True,2025-02-10 19:46:53,1.67
100175,175,checking,97839.49,True,2025-02-10 19:46:53,0
100176,176,checking,66971.51,True,2025-02-10 19:46:53,0
100177,177,checking,49704.89,True,2025-02-10 19:46:53,0
100178,178,savings,75790.28,True,2025-02-10 19:46:53,1.87
100179,179,savings,32611.61,True,2025-02-10 19:46:53,0.57
100180,180,checking,12962.5,True,2025-02-10 19:46:53,0
100181,181,savings,55177.16,True,2025-02-10 19:46:53,3.26
100182,182,checking,80900.58,True,2025-02-10 19:46:53,0
100183,183,checking,4718.86,True,2025-02-10 19:46:53,0
100184,184,checking,761928.4,True,2025-02-10 19:46:53,0
100185,185,savings,79855.37,True,2025-02-10 19:46:53,1.91
100186,186,checking,93709.33,True,2025-02-10 19:46:53,0
100187,187,checking,55670.24,True,2025-02-10 19:46:53,0
100188,188,checking,97861.96,True,2025-02-10 19:46:53,0
100189,189,savings,83870.82,True,2025-02-10 19:46:53,2.81
100190,190,savings,56085.09,True,2025-02-10 19:46:53,0.95
100191,191,savings,85364.33,True,2025-02-10 19:46:53,2.03
100192,192,savings,36733.7,True,2025-02-10 19:46:53,2.22
100193,193,savings,43106.71,True,2025-02-10 19:46:53,0.88
100194,194,checking,88660.34,True,2025-02-10 19:46:53,0
100195,195,checking,90540.26,True,2025-02-10 19:46:53,0
100196,196,savings,38403.77,True,2025-02-10 19:46:53,2.62
100197,197,checking,69395.54,True,2025-02-10 19:46:53,0
100198,198,savings,154.68,True,2025-02-10 19:46:53,3.46
100199,199,savings,30878.81,True,2025-02-10 19:46:53,2.35
100200,200,checking,45628.1,True,2025-02-10 19:46:53,0
100201,201,savings,34158.54,True,2025-02-10 19:46:53,3.37
100202,202,checking,36798.55,True,2025-02-10 19:46:53,0
100203,203,checking,98473.16,True,2025-02-10 19:46:53,0
100204,204,checking,93649.47,True,2025-02-10 19:46:53,0
100205,205,checking,60491.11,True,2025-02-10 19:46:53,0
100206,206,savings,66235.16,True,2025-02-10 19:46:53,2.23
100207,207,checking,74629.34,True,2025-02-10 19:46:53,0
100208,208,checking,13079.81,True,2025-02-10 19:46:53,0
100209,209,checking,88142.72,True,2025-02-10 19:46:53,0
100210,210,savings,35156.74,True,2025-02-10 19:46:53,3.29
100211,211,checking,19321.04,True,2025-02-10 19:46:53,0
100212,212,savings,48775.34,True,2025-02-10 19:46:53,1.68
100213,213,savings,73832.27,True,2025-02-10 19:46:53,0.74
100214,214,checking,1589.73,True,2025-02-10 19:46:53,0
100215,215,checking,47890.69,True,2025-02-10 19:46:53,0
100216,216,savings,7409.9,True,2025-02-10 19:46:53,2.05
100217,217,savings,66258.06,True,2025-02-10 19:46:53,2.29
100218,218,savings,51895.43,True,2025-02-10 19:46:53,2.51
100219,219,checking,99207.04,True,2025-02-10 19:46:53,0
100220,220,checking,5828.89,True,2025-02-10 19:46:53,0
100221,221,savings,19167.88,True,2025-02-10 19:46:53,3.38
100222,222,checking,16889.1,True,2025-02-10 19:46:53,0
100223,223,checking,78119.4,True,2025-02-10 19:46:53,0
100224,224,checking,72367.17,True,2025-02-10 19:46:53,0
100225,225,checking,33210.58,True,2025-02-10 19:46:53,0
100226,226,checking,23744.49,True,2025-02-10 19:46:53,0
100227,227,savings,23834.54,True,2025-02-10 19:46:53,0.97
100228,228,checking,11139.55,True,2025-02-10 19:46:53,0
100229,229,checking,12211.69,True,2025-02-10 19:46:53,0
100230,230,checking,331797.69,True,2025-02-10 19:46:53,0
100231,231,savings,41149.32,True,2025-02-10 19:46:53,3.35
100232,232,checking,55066.04,True,2025-02-10 19:46:53,0
100233,233,savings,76667.86,True,2025-02-10 19:46:53,2.69
100234,234,savings,76038.08,True,2025-02-10 19:46:53,1.84
100235,235,checking,7519.26,True,2025-02-10 19:46:53,0
100236,236,checking,49850.83,True,2025-02-10 19:46:53,0
100237,237,checking,77651.66,True,2025-02-10 19:46:53,0
100238,238,checking,81379.46,True,2025-02-10 19:46:53,0
100239,239,checking,38164.38,True,2025-02-10 19:46:53,0
100240,240,savings,61625.48,True,2025-02-10 19:46:53,2.78
100241,241,savings,40866.95,True,2025-02-10 19:46:53,3.19
100242,242,checking,74437.0,True,2025-02-10 19:46:53,0
100243,243,checking,22012.7,True,2025-02-10 19:46:53,0
100244,244,savings,40630.58,True,2025-02-10 19:46:53,2.69
100245,245,savings,26693.03,True,2025-02-10 19:46:53,3.26
100246,246,checking,58940.33,True,2025-02-10 19:46:53,0
100247,247,savings,36723.62,True,2025-02-10 19:46:53,0.93
100248,248,savings,40458.08,True,2025-02-10 19:46:53,0.54
100249,249,savings,21883.41,True,2025-02-10 19:46:53,1.13
100250,250,checking,14059.67,True,2025-02-10 19:46:53,0
100251,251,savings,11543.51,True,2025-02-10 19:46:53,3.01
100252,252,checking,38432.67,True,2025-02-10 19:46:53,0
100253,253,checking,34482.68,True,2025-02-10 19:46:53,0
100254,254,checking,94983.11,True,2025-02-10 19:46:53,0
100255,255,savings,37599.79,True,2025-02-10 19:46:53,2.46
100256,256,savings,77647.71,True,2025-02-10 19:46:53,1.95
100257,257,checking,47901.98,True,2025-02-10 19:46:53,0
100258,258,savings,89223.07,True,2025-02-10 19:46:53,2.25
100259,259,savings,17112.61,True,2025-02-10 19:46:53,2.91
100260,260,checking,37583.29,True,2025-02-10 19:46:53,0
100261,261,savings,54925.63,True,2025-02-10 19:46:53,1.26
100262,262,checking,4646.54,True,2025-02-10 19:46:53,0
100263,263,checking,64071.07,True,2025-02-10 19:46:53,0
100264,264,checking,20275.42,True,2025-02-10 19:46:53,0
100265,265,savings,65325.5,True,2025-02-10 19:46:53,2.21
100266,266,checking,58417.36,True,2025-02-10 19:46:53,0
100267,267,savings,36169.4,True,2025-02-10 19:46:53,1.56
100268,268,checking,13030.42,True,2025-02-10 19:46:53,0
100269,269,savings,85785.48,True,2025-02-10 19:46:53,3.31
100270,270,checking,880926.97,True,2025-02-10 19:46:53,0
100271,271,checking,399000.93,True,2025-02-10 19:46:53,0
100272,272,savings,99885.07,True,2025-02-10 19:46:53,1.1
100273,273,savings,61025.32,True,2025-02-10 19:46:53,2.89
100274,274,savings,71033.47,True,2025-02-10 19:46:53,2.58
100275,275,savings,43791.35,True,2025-02-10 19:46:53,0.76
100276,276,savings,61858.16,True,2025-02-10 19:46:53,2.51
100277,277,savings,17714.04,True,2025-02-10 19:46:53,0.7
100278,278,checking,91699.8,True,2025-02-10 19:46:53,0
100279,279,checking,864.58,True,2025-02-10 19:46:53,0
100280,280,checking,24052.67,True,2025-02-10 19:46:53,0
100281,281,savings,96977.57,True,2025-02-10 19:46:53,3.13
100282,282,savings,13559.16,True,2025-02-10 19:46:53,3.45
100283,283,checking,5796.88,True,2025-02-10 19:46:53,0
100284,284,checking,71491.08,True,2025-02-10 19:46:53,0
100285,285,checking,91357.38,True,2025-02-10 19:46:53,0
100286,286,savings,88052.61,True,2025-02-10 19:46:53,2.83
100287,287,savings,68963.85,True,2025-02-10 19:46:53,2.64
100288,288,checking,95595.81,True,2025-02-10 19:46:53,0
100289,289,checking,42689.77,True,2025-02-10 19:46:53,0
100290,290,checking,90436.82,True,2025-02-10 19:46:53,0
100291,291,savings,26574.31,True,2025-02-10 19:46:53,1.33
100292,292,savings,1512.45,True,2025-02-10 19:46:53,1.56
100293,293,savings,57874.3,True,2025-02-10 19:46:53,2.44
100294,294,checking,89288.46,True,2025-02-10 19:46:53,0
100295,295,checking,34546.42,True,2025-02-10 19:46:53,0
100296,296,savings,44775.97,True,2025-02-10 19:46:53,2.08
100297,297,savings,20768.82,True,2025-02-10 19:46:53,2.33
100298,298,savings,56734.36,True,2025-02-10 19:46:53,2.4
100299,299,checking,88995.42,True,2025-02-10 19:46:53,0
100300,300,checking,39444.25,True,2025-02-10 19:46:53,0
100301,301,checking,42893.03,True,2025-02-10 19:46:53,0
100302,302,savings,9656.19,True,2025-02-10 19:46:53,2.6
100303,303,checking,89964.51,True,2025-02-10 19:46:53,0
100304,304,savings,65386.88,True,2025-02-10 19:46:53,2.78
100305,305,checking,89646.17,True,2025-02-10 19:46:53,0
100306,306,savings,51485.74,True,2025-02-10 19:46:53,2.01
100307,307,savings,5624.12,True,2025-02-10 19:46:53,1.38
100308,308,checking,37829.76,True,2025-02-10 19:46:53,0
100309,309,savings,47434.58,True,2025-02-10 19:46:53,3.09
100310,310,savings,58398.7,True,2025-02-10 19:46:53,1.81
100311,311,checking,2389.07,True,2025-02-10 19:46:53,0
100312,312,checking,91162.83,True,2025-02-10 19:46:53,0
100313,313,checking,68620.54,True,2025-02-10 19:46:53,0
100314,314,checking,74121.6,True,2025-02-10 19:46:53,0
100315,315,savings,85066.51,True,2025-02-10 19:46:53,2.61
100316,316,checking,19757.47,True,2025-02-10 19:46:53,0
100317,317,checking,79932.62,True,2025-02-10 19:46:53,0
100318,318,checking,12606.1,True,2025-02-10 19:46:53,0
100319,319,savings,96972.48,True,2025-02-10 19:46:53,1.31
100320,320,savings,99708.41,True,2025-02-10 19:46:53,1.6
100321,321,checking,74613.13,True,2025-02-10 19:46:53,0
100322,322,savings,20778.66,True,2025-02-10 19:46:53,2.77
100323,323,checking,23171.58,True,2025-02-10 19:46:53,0
100324,324,checking,32781.22,True,2025-02-10 19:46:53,0
100325,325,savings,44522.34,True,2025-02-10 19:46:53,0.98
100326,326,checking,781668.11,True,2025-02-10 19:46:53,0
100327,327,checking,43156.95,True,2025-02-10 19:46:53,0
100328,328,savings,939786.3,True,2025-02-10 19:46:53,0.93
100329,329,savings,98611.89,True,2025-02-10 19:46:53,1.76
100330,330,savings,61806.94,True,2025-02-10 19:46:53,0.57
100331,331,checking,19567.08,True,2025-02-10 19:46:53,0
100332,332,checking,95254.19,True,2025-02-10 19:46:53,0
100333,333,savings,86242.84,True,2025-02-10 19:46:53,1.73
100334,334,savings,60761.76,True,2025-02-10 19:46:53,0.62
100335,335,savings,90522.55,True,2025-02-10 19:46:53,2.91
100336,336,checking,7828.91,True,2025-02-10 19:46:53,0
100337,337,checking,95587.01,True,2025-02-10 19:46:53,0
100338,338,savings,44894.29,True,2025-02-10 19:46:53,0.68
100339,339,checking,75314.71,True,2025-02-10 19:46:53,0
100340,340,checking,36940.47,True,2025-02-10 19:46:53,0
100341,341,checking,35722.0,True,2025-02-10 19:46:53,0
100342,342,savings,37588.29,True,2025-02-10 19:46:53,2.51
100343,343,savings,96093.22,True,2025-02-10 19:46:53,2.29
100344,344,savings,13693.0,True,2025-02-10 19:46:53,2.89
100345,345,savings,65246.94,True,2025-02-10 19:46:53,3.49
100346,346,checking,45355.71,True,2025-02-10 19:46:53,0
100347,347,savings,363558.85,True,2025-02-10 19:46:53,1.6
100348,348,checking,32671.85,True,2025-02-10 19:46:53,0
100349,349,savings,47300.03,True,2025-02-10 19:46:53,1.75
100350,350,savings,48110.99,True,2025-02-10 19:46:53,3.27
100351,351,checking,7666.58,True,2025-02-10 19:46:53,0
100352,352,checking,13200.23,True,2025-02-10 19:46:53,0
100353,353,savings,30271.27,True,2025-02-10 19:46:53,2.87
100354,354,checking,84878.75,True,2025-02-10 19:46:53,0
100355,355,savings,62032.15,True,2025-02-10 19:46:53,3.46
100356,356,checking,61199.1,True,2025-02-10 19:46:53,0
100357,357,checking,94873.74,True,2025-02-10 19:46:53,0
100358,358,checking,75642.4,True,2025-02-10 19:46:53,0
100359,359,checking,84312.6,True,2025-02-10 19:46:53,0
100360,360,savings,36792.26,True,2025-02-10 19:46:53,2.73
100361,361,savings,94304.3,True,2025-02-10 19:46:53,2.5
100362,362,savings,52660.52,True,2025-02-10 19:46:53,1.36
100363,363,savings,909084.83,True,2025-02-10 19:46:53,3.07
100364,364,checking,75680.93,True,2025-02-10 19:46:53,0
100365,365,savings,83083.6,True,2025-02-10 19:46:53,3.13
100366,366,checking,9618.52,True,2025-02-10 19:46:53,0
100367,367,checking,82249.81,True,2025-02-10 19:46:53,0
100368,368,savings,55475.48,True,2025-02-10 19:46:53,1.68
100369,369,savings,57986.03,True,2025-02-10 19:46:53,2.6
100370,370,savings,79136.72,True,2025-02-10 19:46:53,3.21
100371,371,checking,87177.02,True,2025-02-10 19:46:53,0
100372,372,savings,73561.13,True,2025-02-10 19:46:53,0.62
100373,373,savings,23046.74,True,2025-02-10 19:46:53,1.43
100374,374,savings,5647.89,True,2025-02-10 19:46:53,0.51
100375,375,savings,45399.49,True,2025-02-10 19:46:53,1.0
100376,376,savings,98109.4,True,2025-02-10 19:46:53,1.78
100377,377,savings,62808.75,True,2025-02-10 19:46:53,3.38
100378,378,savings,52922.38,True,2025-02-10 19:46:53,1.32
100379,379,savings,96293.68,True,2025-02-10 19:46:53,1.68
100380,380,checking,29063.49,True,2025-02-10 19:46:53,0
100381,381,savings,31362.38,True,2025-02-10 19:46:53,2.0
100382,382,checking,88165.42,True,2025-02-10 19:46:53,0
100383,383,savings,511093.27,True,2025-02-10 19:46:53,3.28
100384,384,checking,74560.52,True,2025-02-10 19:46:53,0
100385,385,savings,5929.02,True,2025-02-10 19:46:53,3.17
100386,386,checking,286311.03,True,2025-02-10 19:46:53,0
100387,387,checking,33913.55,True,2025-02-10 19:46:53,0
100388,388,savings,2990.91,True,2025-02-10 19:46:53,2.53
100389,389,checking,275275.17,True,2025-02-10 19:46:53,0
100390,390,savings,68784.21,True,2025-02-10 19:46:53,2.6
100391,391,savings,63467.62,True,2025-02-10 19:46:53,3.21
100392,392,savings,26753.63,True,2025-02-10 19:46:53,3.21
100393,393,savings,58662.71,True,2025-02-10 19:46:53,0.69
100394,394,checking,5320.05,True,2025-02-10 19:46:53,0
100395,395,savings,24565.52,True,2025-02-10 19:46:53,0.56
100396,396,savings,22047.79,True,2025-02-10 19:46:53,1.73
100397,397,checking,32629.36,True,2025-02-10 19:46:53,0
100398,398,checking,5368.45,True,2025-02-10 19:46:53,0
100399,399,checking,20410.45,True,2025-02-10 19:46:53,0
100400,400,savings,20814.14,True,2025-02-10 19:46:53,2.76
100401,401,checking,17372.65,True,2025-02-10 19:46:53,0
100402,402,savings,58566.74,True,2025-02-10 19:46:53,2.77
100403,403,checking,22714.3,True,2025-02-10 19:46:53,0
100404,404,savings,644.42,True,2025-02-10 19:46:53,2.78
100405,405,savings,96883.17,True,2025-02-10 19:46:53,2.07
100406,406,savings,2793.29,True,2025-02-10 19:46:53,2.76
100407,407,savings,35719.79,True,2025-02-10 19:46:53,1.59
100408,408,checking,93817.42,True,2025-02-10 19:46:53,0
100409,409,checking,53750.82,True,2025-02-10 19:46:53,0
100410,410,savings,610193.44,True,2025-02-10 19:46:53,3.17
100411,411,checking,91184.06,True,2025-02-10 19:46:53,0
100412,412,checking,37545.58,True,2025-02-10 19:46:53,0
100413,413,savings,81286.37,True,2025-02-10 19:46:53,3.05
100414,414,checking,35238.53,True,2025-02-10 19:46:53,0
100415,415,checking,162035.72,True,2025-02-10 19:46:53,0
100416,416,checking,52343.45,True,2025-02-10 19:46:53,0
100417,417,savings,282208.91,True,2025-02-10 19:46:53,2.26
100418,418,checking,43625.42,True,2025-02-10 19:46:53,0
100419,419,checking,9976.77,True,2025-02-10 19:46:53,0
100420,420,savings,64254.29,True,2025-02-10 19:46:53,2.05
100421,421,checking,78333.25,True,2025-02-10 19:46:53,0
100422,422,savings,38802.05,True,2025-02-10 19:46:53,2.29
100423,423,checking,48031.56,True,2025-02-10 19:46:53,0
100424,424,savings,95172.29,True,2025-02-10 19:46:53,3.14
100425,425,savings,54617.25,True,2025-02-10 19:46:53,1.19
100426,426,savings,4299.81,True,2025-02-10 19:46:53,1.95
100427,427,savings,56710.14,True,2025-02-10 19:46:53,1.5
100428,428,checking,29475.62,True,2025-02-10 19:46:53,0
100429,429,checking,49880.05,True,2025-02-10 19:46:53,0
100430,430,checking,903063.91,True,2025-02-10 19:46:53,0
100431,431,savings,98102.18,True,2025-02-10 19:46:53,2.81
100432,432,checking,37531.26,True,2025-02-10 19:46:53,0
100433,433,checking,48412.45,True,2025-02-10 19:46:53,0
100434,434,savings,4564.65,True,2025-02-10 19:46:53,1.25
100435,435,savings,95855.41,True,2025-02-10 19:46:53,2.18
100436,436,savings,89757.19,True,2025-02-10 19:46:53,2.29
100437,437,checking,89613.63,True,2025-02-10 19:46:53,0
100438,438,checking,29618.38,True,2025-02-10 19:46:53,0
100439,439,checking,42976.01,True,2025-02-10 19:46:53,0
100440,440,checking,75671.11,True,2025-02-10 19:46:53,0
100441,441,savings,163.59,True,2025-02-10 19:46:53,0.78
100442,442,savings,6047.11,True,2025-02-10 19:46:53,2.36
100443,443,checking,97940.31,True,2025-02-10 19:46:53,0
100444,444,savings,86845.6,True,2025-02-10 19:46:53,2.48
100445,445,checking,828740.61,True,2025-02-10 19:46:53,0
100446,446,checking,72132.3,True,2025-02-10 19:46:53,0
100447,447,savings,99173.05,True,2025-02-10 19:46:53,1.51
100448,448,checking,52573.58,True,2025-02-10 19:46:53,0
100449,449,checking,1409.97,True,2025-02-10 19:46:53,0
100450,450,checking,75449.56,True,2025-02-10 19:46:53,0
100451,451,savings,18971.04,True,2025-02-10 19:46:53,0.65
100452,452,savings,76839.42,True,2025-02-10 19:46:53,3.33
100453,453,checking,75894.16,True,2025-02-10 19:46:53,0
100454,454,savings,16751.0,True,2025-02-10 19:46:53,1.14
100455,455,savings,917005.12,True,2025-02-10 19:46:53,1.13
100456,456,savings,60511.11,True,2025-02-10 19:46:53,0.63
100457,457,checking,72105.76,True,2025-02-10 19:46:53,0
100458,458,checking,19539.67,True,2025-02-10 19:46:53,0
100459,459,savings,64620.64,True,2025-02-10 19:46:53,3.34
100460,460,savings,62933.49,True,2025-02-10 19:46:53,2.41
100461,461,checking,70934.72,True,2025-02-10 19:46:53,0
100462,462,checking,93909.34,True,2025-02-10 19:46:53,0
100463,463,savings,54378.83,True,2025-02-10 19:46:53,1.31
100464,464,savings,76251.11,True,2025-02-10 19:46:53,1.65
100465,465,savings,75163.6,True,2025-02-10 19:46:53,1.68
100466,466,checking,61026.17,True,2025-02-10 19:46:53,0
100467,467,checking,28717.03,True,2025-02-10 19:46:53,0
100468,468,checking,50483.75,True,2025-02-10 19:46:53,0
100469,469,savings,65080.87,True,2025-02-10 19:46:53,0.85
100470,470,checking,38490.05,True,2025-02-10 19:46:53,0
100471,471,savings,61851.26,True,2025-02-10 19:46:53,2.68
100472,472,checking,98580.0,True,2025-02-10 19:46:53,0
100473,473,checking,65791.88,True,2025-02-10 19:46:53,0
100474,474,savings,12121.26,True,2025-02-10 19:46:53,1.77
100475,475,savings,74162.64,True,2025-02-10 19:46:53,2.97
100476,476,savings,38494.76,True,2025-02-10 19:46:53,2.46
100477,477,checking,88189.84,True,2025-02-10 19:46:53,0
100478,478,checking,15003.14,True,2025-02-10 19:46:53,0
100479,479,savings,641383.82,True,2025-02-10 19:46:53,0.93
100480,480,checking,8022.41,True,2025-02-10 19:46:53,0
100481,481,savings,64055.43,True,2025-02-10 19:46:53,0.87
100482,482,savings,68297.59,True,2025-02-10 19:46:53,2.44
100483,483,savings,98009.83,True,2025-02-10 19:46:53,2.43
100484,484,savings,824707.65,True,2025-02-10 19:46:53,3.05
100485,485,checking,62255.4,True,2025-02-10 19:46:53,0
100486,486,checking,91783.36,True,2025-02-10 19:46:53,0
100487,487,checking,80240.98,True,2025-02-10 19:46:53,0
100488,488,savings,21274.48,True,2025-02-10 19:46:53,2.96
100489,489,savings,23728.89,True,2025-02-10 19:46:53,2.69
100490,490,checking,81984.5,True,2025-02-10 19:46:53,0
100491,491,savings,87465.47,True,2025-02-10 19:46:53,1.02
100492,492,savings,77903.82,True,2025-02-10 19:46:53,3.03
100493,493,savings,81195.46,True,2025-02-10 19:46:53,3.19
100494,494,checking,8811.53,True,2025-02-10 19:46:53,0
100495,495,checking,3985.62,True,2025-02-10 19:46:53,0
100496,496,checking,27558.79,True,2025-02-10 19:46:53,0
100497,497,checking,14268.33,True,2025-02-10 19:46:53,0
100498,498,savings,36635.29,True,2025-02-10 19:46:53,3.44
100499,499,checking,90229.71,True,2025-02-10 19:46:53,0
100500,500,checking,97027.39,True,2025-02-10 19:46:53,0
100501,501,checking,27705.75,True,2025-02-10 19:46:53,0
100502,502,checking,78501.81,True,2025-02-10 19:46:53,0
100503,503,savings,3499.49,True,2025-02-10 19:46:53,2.42
100504,504,checking,8798.5,True,2025-02-10 19:46:53,0
100505,505,savings,4116.42,True,2025-02-10 19:46:53,0.89
100506,506,savings,43394.03,True,2025-02-10 19:46:53,1.54
100507,507,checking,736361.79,True,2025-02-10 19:46:53,0
100508,508,checking,97886.94,True,2025-02-10 19:46:53,0
100509,509,savings,96261.82,True,2025-02-10 19:46:53,2.89
100510,510,checking,76626.75,True,2025-02-10 19:46:53,0
100511,511,checking,79784.97,True,2025-02-10 19:46:53,0
100512,512,savings,67711.05,True,2025-02-10 19:46:53,2.6
100513,513,savings,26864.0,True,2025-02-10 19:46:53,2.96
100514,514,checking,7982.21,True,2025-02-10 19:46:53,0
100515,515,savings,83250.15,True,2025-02-10 19:46:53,3.26
100516,516,checking,19947.04,True,2025-02-10 19:46:53,0
100517,517,savings,22958.6,True,2025-02-10 19:46:53,1.31
100518,518,checking,79413.38,True,2025-02-10 19:46:53,0
100519,519,checking,49124.1,True,2025-02-10 19:46:53,0
100520,520,savings,66868.85,True,2025-02-10 19:46:53,1.45
100521,521,checking,5323.51,True,2025-02-10 19:46:53,0
100522,522,checking,63057.52,True,2025-02-10 19:46:53,0
100523,523,savings,31368.14,True,2025-02-10 19:46:53,3.03
100524,524,checking,69635.05,True,2025-02-10 19:46:53,0
100525,525,savings,361902.89,True,2025-02-10 19:46:53,2.22
100526,526,checking,71734.4,True,2025-02-10 19:46:53,0
100527,527,checking,7488.98,True,2025-02-10 19:46:53,0
100528,528,checking,31860.77,True,2025-02-10 19:46:53,0
100529,529,savings,29799.61,True,2025-02-10 19:46:53,1.82
100530,530,checking,11690.01,True,2025-02-10 19:46:53,0
100531,531,checking,1180.68,True,2025-02-10 19:46:53,0
100532,532,savings,71664.7,True,2025-02-10 19:46:53,1.02
100533,533,checking,273230.05,True,2025-02-10 19:46:53,0
100534,534,checking,11978.44,True,2025-02-10 19:46:53,0
100535,535,checking,45148.03,True,2025-02-10 19:46:53,0
100536,536,checking,8693.67,True,2025-02-10 19:46:53,0
100537,537,checking,217.52,True,2025-02-10 19:46:53,0
100538,538,savings,70272.58,True,2025-02-10 19:46:53,2.39
100539,539,checking,51957.64,True,2025-02-10 19:46:53,0
100540,540,savings,20046.31,True,2025-02-10 19:46:53,2.37
100541,541,checking,67143.04,True,2025-02-10 19:46:53,0
100542,542,savings,51301.99,True,2025-02-10 19:46:53,2.75
100543,543,savings,71057.01,True,2025-02-10 19:46:53,1.19
100544,544,checking,81291.97,True,2025-02-10 19:46:53,0
100545,545,savings,5587.55,True,2025-02-10 19:46:53,1.35
100546,546,checking,37956.87,True,2025-02-10 19:46:53,0
100547,547,checking,53393.61,True,2025-02-10 19:46:53,0
100548,548,checking,16385.92,True,2025-02-10 19:46:53,0
100549,549,checking,77156.67,True,2025-02-10 19:46:53,0
100550,550,checking,45277.45,True,2025-02-10 19:46:53,0
100551,551,checking,80927.72,True,2025-02-10 19:46:53,0
100552,552,savings,46095.76,True,2025-02-10 19:46:53,3.15
100553,553,savings,80390.45,True,2025-02-10 19:46:53,0.74
100554,554,checking,60089.42,True,2025-02-10 19:46:53,0
100555,555,checking,72055.31,True,2025-02-10 19:46:53,0
100556,556,savings,38614.3,True,2025-02-10 19:46:53,1.09
100557,557,checking,94515.88,True,2025-02-10 19:46:53,0
100558,558,checking,19701.9,True,2025-02-10 19:46:53,0
100559,559,savings,83660.89,True,2025-02-10 19:46:53,2.46
100560,560,savings,99247.18,True,2025-02-10 19:46:53,1.2
100561,561,checking,37026.08,True,2025-02-10 19:46:53,0
100562,562,savings,90604.07,True,2025-02-10 19:46:53,2.23
100563,563,checking,37278.8,True,2025-02-10 19:46:53,0
100564,564,savings,51623.07,True,2025-02-10 19:46:53,0.9
100565,565,savings,349.9,True,2025-02-10 19:46:53,1.82
100566,566,checking,54624.68,True,2025-02-10 19:46:53,0
100567,567,checking,87998.12,True,2025-02-10 19:46:53,0
100568,568,checking,40061.2,True,2025-02-10 19:46:53,0
100569,569,savings,255750.99,True,2025-02-10 19:46:53,0.79
100570,570,checking,51367.06,True,2025-02-10 19:46:53,0
100571,571,savings,15605.55,True,2025-02-10 19:46:53,3.11
100572,572,checking,72235.33,True,2025-02-10 19:46:53,0
100573,573,checking,54495.76,True,2025-02-10 19:46:53,0
100574,574,savings,38939.29,True,2025-02-10 19:46:53,1.02
100575,575,savings,31180.72,True,2025-02-10 19:46:53,1.87
100576,576,savings,73820.4,True,2025-02-10 19:46:53,1.73
100577,577,savings,36883.59,True,2025-02-10 19:46:53,3.27
100578,578,savings,94857.33,True,2025-02-10 19:46:53,1.65
100579,579,savings,41201.53,True,2025-02-10 19:46:53,3.27
100580,580,savings,745.04,True,2025-02-10 19:46:53,2.68
100581,581,savings,63733.27,True,2025-02-10 19:46:53,2.16
100582,582,savings,32087.97,True,2025-02-10 19:46:53,3.32
100583,583,checking,10096.44,True,2025-02-10 19:46:53,0
100584,584,checking,91024.47,True,2025-02-10 19:46:53,0
100585,585,checking,89404.94,True,2025-02-10 19:46:53,0
100586,586,savings,50922.91,True,2025-02-10 19:46:53,2.07
100587,587,savings,96277.05,True,2025-02-10 19:46:53,3.36
100588,588,checking,21797.98,True,2025-02-10 19:46:53,0
100589,589,savings,84203.56,True,2025-02-10 19:46:53,1.65
100590,590,savings,39578.45,True,2025-02-10 19:46:53,1.92
100591,591,checking,97366.43,True,2025-02-10 19:46:53,0
100592,592,savings,81797.12,True,2025-02-10 19:46:53,2.64
100593,593,savings,77604.02,True,2025-02-10 19:46:53,1.08
100594,594,savings,84300.23,True,2025-02-10 19:46:53,0.59
100595,595,savings,66483.4,True,2025-02-10 19:46:53,1.54
100596,596,checking,84044.76,True,2025-02-10 19:46:53,0
100597,597,savings,33507.44,True,2025-02-10 19:46:53,2.01
100598,598,savings,78059.27,True,2025-02-10 19:46:53,1.18
100599,599,checking,36544.96,True,2025-02-10 19:46:53,0
100600,600,checking,3583.24,True,2025-02-10 19:46:53,0
